{"cameraMode":{"drawMode":0,"name":"Shaded","section":"Shading Mode"},"sceneLighting":true,"audioPlay":false,"sceneViewState":{"m_AlwaysRefresh":false,"showFog":true,"showSkybox":true,"showFlares":true,"showImageEffects":true,"showParticleSystems":true,"showVisualEffectGraphs":true,"m_FxEnabled":true},"in2DMode":false,"pivot":{"x":6.227740287780762,"y":4.2008795738220219,"z":-18.846622467041017},"rotation":{"x":0.13455253839492799,"y":0.3592948615550995,"z":0.04889358952641487,"w":-0.9216403961181641},"size":2.3564209938049318,"orthographic":false}